Nome,Idade,Email
Ana Silva,28,ana.silva@email.com
João Pereira,34,joao.pereira@email.com
Maria Souza,22,maria.souza@email.com
Carlos Lima,45,carlos.lima@email.com
Beatriz Santos,30,beatriz.santos@email.com
Lucas Almeida,27,lucas.almeida@email.com
Juliana Costa,31,juliana.costa@email.com
Fernando Rocha,40,fernando.rocha@email.com
Patrícia Moreira,29,patricia.moreira@email.com
Marcelo Azevedo,38,marcelo.azevedo@email.com
Aline Teixeira,25,aline.teixeira@email.com
Rafael Martins,33,rafael.martins@email.com
Larissa Oliveira,26,larissa.oliveira@email.com
André Ribeiro,37,andre.ribeiro@email.com
Camila Fernandes,24,camila.fernandes@email.com
Eduardo Lopes,42,eduardo.lopes@email.com
Vanessa Cardoso,28,vanessa.cardoso@email.com
Ricardo Pinto,36,ricardo.pinto@email.com
Tatiane Dias,32,tatiane.dias@email.com
Leandro Gomes,41,leandro.gomes@email.com
Sabrina Nunes,27,sabrina.nunes@email.com
Thiago Barbosa,35,thiago.barbosa@email.com
Giselle Faria,23,giselle.faria@email.com
Bruno Carvalho,39,bruno.carvalho@email.com
Natália Batista,29,natalia.batista@email.com
Diego Mendes,34,diego.mendes@email.com
Érica Ramos,31,erica.ramos@email.com
Rodrigo Freitas,30,rodrigo.freitas@email.com
Priscila Antunes,33,priscila.antunes@email.com
Murilo Castro,26,murilo.castro@email.com
Renata Martins,28,renata.martins@email.com
Joana Rezende,22,joana.rezende@email.com
Felipe Tavares,37,felipe.tavares@email.com
Letícia Silva,25,leticia.silva@email.com
Vinícius Duarte,40,vinicius.duarte@email.com
Bruna Lima,29,bruna.lima@email.com
Caio Monteiro,31,caio.monteiro@email.com
Fabiana Melo,34,fabiana.melo@email.com
Danilo Correia,36,danilo.correia@email.com
Carolina Vieira,27,carolina.vieira@email.com
Fábio Rezende,39,fabio.rezende@email.com
Débora Siqueira,30,debora.siqueira@email.com
Igor Nascimento,32,igor.nascimento@email.com
Daniela Cunha,26,daniela.cunha@email.com
Hugo Ferreira,38,hugo.ferreira@email.com
Melissa Rocha,24,melissa.rocha@email.com
Pedro Viana,33,pedro.viana@email.com
Simone Brito,31,simone.brito@email.com
César Paiva,35,cesar.paiva@email.com
Luciana Barros,28,luciana.barros@email.com
Otávio Xavier,41,otavio.xavier@email.com
Eliane Neves,29,eliane.neves@email.com
Alberto Matos,37,alberto.matos@email.com
Cristiane Lopes,30,cristiane.lopes@email.com
Gustavo Moraes,34,gustavo.moraes@email.com
Manuela Peixoto,26,manuela.peixoto@email.com
Sandro Braga,36,sandro.braga@email.com
Isabela Andrade,27,isabela.andrade@email.com
Rogério Macedo,39,rogerio.macedo@email.com
Carla Torres,25,carla.torres@email.com
Henrique Diniz,40,henrique.diniz@email.com
Elaine Magalhães,28,elaine.magalhaes@email.com
Alexandre Lemos,32,alexandre.lemos@email.com
Rafaela Camargo,31,rafaela.camargo@email.com
Nelson Assis,35,nelson.assis@email.com
Lívia Cunha,27,livia.cunha@email.com
Wagner Souza,38,wagner.souza@email.com
Helena Araújo,29,helena.araujo@email.com
Tiago Silveira,33,tiago.silveira@email.com
Paula Nascimento,30,paula.nascimento@email.com
Jonas Moreira,34,jonas.moreira@email.com
Valéria Mendes,26,valeria.mendes@email.com
Renan Costa,37,renan.costa@email.com
Tainá Lopes,28,taina.lopes@email.com
Mateus Ribeiro,31,mateus.ribeiro@email.com
Cíntia Meireles,32,cintia.meireles@email.com
Vitor Campos,36,vitor.campos@email.com
Lorena Dias,24,lorena.dias@email.com
Douglas Freitas,39,douglas.freitas@email.com
Nádia Martins,27,nadia.martins@email.com
Elias Santana,33,elias.santana@email.com
Fernanda Lima,29,fernanda.lima@email.com
Bruno Oliveira,35,bruno.oliveira@email.com
Jéssica Leal,30,jessica.leal@email.com
Celso Barreto,40,celso.barreto@email.com
Mariana Pires,26,mariana.pires@email.com
Edson Amorim,38,edson.amorim@email.com
Talita Queiroz,28,talita.queiroz@email.com
Giovana Borges,25,giovana.borges@email.com
João Vitor Souza,31,joaovitor.souza@email.com
Lorraine Rocha,33,lorraine.rocha@email.com
Paulo Henrique,36,paulo.henrique@email.com
Tatiane Freitas,29,tatiane.freitas@email.com
Eduarda Soares,27,eduarda.soares@email.com
Jefferson Lima,34,jefferson.lima@email.com
Cláudia Neves,30,claudia.neves@email.com
Anderson Duarte,39,anderson.duarte@email.com
Cristina Silva,28,cristina.silva@email.com
Roberto Gomes,35,roberto.gomes@email.com
Yasmin Rezende,26,yasmin.rezende@email.com
